69,"t","CD Ranking: "
69,"t","Table 10.  All Operators Reporting Race as Asian Only"
69,"t","Ranking of Congressional Districts:  2012 (continued)"
69,"t","[For meaning of abbreviations and symbols, see introductory text.]"
69,"h","","","",""
69,"h","","Congressional","","All Farm"
69,"h","State","district","Rank","operators 2/"
69,"h","","","",""
69,"d","Pennsylvania",17,378,1
69,"d","Virginia",8,379,1
69,"c",""
69,"f","1/  State totals only are presented for the 'At Large' states."
69,"f","2/  Data were collected for a maximum of three operators per farm."
